,uuid,id,bezeichnung,website,standort_id,-7,-6,-5,-4,-3,-2,-1,datum
0,290d71fc-9a7f-11e5-948a-0050569b7e95,100034887,Hundertmännerstraße,https://www.eco-public.com/public2/?id=100034887,100034887,2124.0,1774.0,1869.0,981.0,884.0,2200.0,2285.0,29.09.2026
1,291079c4-9a7f-11e5-948c-0050569b7e95,100005394,Lange Straße Süd,https://www.eco-public.com/public2/?id=100005394,100005394,933.0,722.0,840.0,605.0,317.0,1104.0,1183.0,29.09.2026
2,1735a76e-9150-11e7-99bd-0050569946ac,100037011,Markgrafenheide,https://www.eco-public.com/public2/?id=100037011,100037011,500.0,108.0,366.0,422.0,649.0,389.0,490.0,29.09.2026
3,29137f48-9a7f-11e5-948e-0050569b7e95,100005392,Hamburger Straße/Liningweg,https://www.eco-public.com/public2/?id=100005392,100005392,705.0,430.0,580.0,457.0,475.0,760.0,812.0,29.09.2026
4,2913fbe4-9a7f-11e5-948f-0050569b7e95,100017341,Warnemünde Wetterwarte,https://www.eco-public.com/public2/?id=100017341,100017341,1737.0,595.0,1391.0,1891.0,2348.0,1732.0,1814.0,29.09.2026
5,7b921cb8-8f93-4afe-aae1-8dc24cae353e,100056900,Uni-Campus,https://www.eco-public.com/public2/?id=100056900,100056900,471.0,337.0,453.0,217.0,191.0,460.0,517.0,29.09.2026
6,cc171afa-9150-11e7-99be-0050569946ac,100037010,Hinrichshagen,https://www.eco-public.com/public2/?id=100037010,100037010,204.0,58.0,165.0,213.0,382.0,207.0,259.0,29.09.2026
7,290b9422-9a7f-11e5-9489-0050569b7e95,100011605,Mühlendamm/Flussbad,https://www.eco-public.com/public2/?id=100011605,100011605,2440.0,1674.0,1904.0,1345.0,1235.0,2637.0,2717.0,29.09.2026
8,29120528-9a7f-11e5-948d-0050569b7e95,100005393,Hamburger Straße/Braesigplatz,https://www.eco-public.com/public2/?id=100005393,100005393,1057.0,751.0,936.0,618.0,506.0,1158.0,1224.0,29.09.2026
9,290ef568-9a7f-11e5-948b-0050569b7e95,100005395,Am Strande/Holzhalbinsel,https://www.eco-public.com/public2/?id=100005395,100005395,3491.0,2479.0,2838.0,1931.0,1967.0,3841.0,3875.0,29.09.2026
10,291473d0-9a7f-11e5-9490-0050569b7e95,100037012,Graal-Müritz,https://www.eco-public.com/public2/?id=100037012,100037012,317.0,55.0,234.0,255.0,308.0,214.0,265.0,29.09.2026
